<?xml version="1.0" encoding="UTF-8"?>
<!-- Note: External resources are typically additional Java library files (*.jar files) invoked by self-developed plug-ins. Consider that Input Files and the Main Class of Plug-Ins are NOT external resources in this context because ZebraTester knows already their declarations. -->
<loadtestExternalResources>
  <proxySnifferVersion>V5.5-F</proxySnifferVersion>
  <localResourceVector>
    <loadtestExternalLocalResourcesDataRecord>
      <proxySnifferVersion>V5.5-F</proxySnifferVersion>
      <localResourceId>1516918253546</localResourceId>
      <localResourceType>1</localResourceType>
      <localFilePath>/home/thomasw/ZebraTester5.5F/MyTests/AWSFirehouse/AWSFirehose.jar</localFilePath>
      <localFileAddToClassPath>false</localFileAddToClassPath>
      <localFileAddToXbootclasspath>true</localFileAddToXbootclasspath>
    </loadtestExternalLocalResourcesDataRecord>
  </localResourceVector>
  <remoteResourceVector/>
</loadtestExternalResources>